Id,Name
0014W0000235a9bQAA,Edge Communications
0014W0000235a9cQAA,Burlington Textiles Corp of America
0014W0000235a9dQAA,Pyramid Construction Inc.
0014W0000235a9eQAA,Dickenson plc
0014W0000235a9fQAA,Grand Hotels & Resorts Ltd
0014W0000235a9gQAA,United Oil & Gas Corp.
0014W0000235a9hQAA,Express Logistics and Transport
0014W0000235a9iQAA,University of Arizona
0014W0000235a9jQAA,"United Oil & Gas, UK"
0014W0000235a9kQAA,"United Oil & Gas, Singapore"
0014W0000235a9lQAA,GenePoint
0014W0000235a9mQAA,sForce
